-- MySQL Script generated by MySQL Workbench
-- Tue May  7 17:27:34 2024
-- Model: New Model    Version: 1.0
-- MySQL Workbench Forward Engineering

SET @OLD_UNIQUE_CHECKS=@@UNIQUE_CHECKS, UNIQUE_CHECKS=0;
SET @OLD_FOREIGN_KEY_CHECKS=@@FOREIGN_KEY_CHECKS, FOREIGN_KEY_CHECKS=0;
SET @OLD_SQL_MODE=@@SQL_MODE, SQL_MODE='ONLY_FULL_GROUP_BY,STRICT_TRANS_TABLES,NO_ZERO_IN_DATE,NO_ZERO_DATE,ERROR_FOR_DIVISION_BY_ZERO,NO_ENGINE_SUBSTITUTION';

-- -----------------------------------------------------
-- Schema mydb
-- -----------------------------------------------------
-- -----------------------------------------------------
-- Schema gticsbd
-- -----------------------------------------------------

-- -----------------------------------------------------
-- Schema gticsbd
-- -----------------------------------------------------
CREATE SCHEMA IF NOT EXISTS `gticsbd` DEFAULT CHARACTER SET utf8mb4 COLLATE utf8mb4_0900_ai_ci ;
USE `gticsbd` ;

-- -----------------------------------------------------
-- Table `gticsbd`.`usuario`
-- -----------------------------------------------------
CREATE TABLE IF NOT EXISTS `gticsbd`.`usuario` (
  `id_usuario` INT NOT NULL AUTO_INCREMENT,
  `nombres` VARCHAR(45) NOT NULL,
  `apellidos` VARCHAR(45) NOT NULL,
  `correo` VARCHAR(45) NOT NULL,
  `dni` VARCHAR(20) NOT NULL,
  `codigo_colegiatura` VARCHAR(45) NULL DEFAULT NULL,
  `distrito` VARCHAR(45) NULL DEFAULT NULL,
  `seguro` VARCHAR(45) NULL DEFAULT NULL,
  `estado` VARCHAR(45) NULL DEFAULT NULL,
  `contrasena` VARCHAR(45) NOT NULL,
  `foto` BLOB NULL DEFAULT NULL,
  `telefono` VARCHAR(45) NULL DEFAULT NULL,
  `fecha_creacion` DATE NULL DEFAULT NULL,
  `estado_solicitud` VARCHAR(45) NULL DEFAULT NULL,
  `motivo_rechazo` VARCHAR(250) NULL DEFAULT NULL,
  `borrado_logico` INT NULL DEFAULT NULL,
  PRIMARY KEY (`id_usuario`))
ENGINE = InnoDB
AUTO_INCREMENT = 29
DEFAULT CHARACTER SET = utf8mb3;

LOCK TABLES `usuario` WRITE;
/*!40000 ALTER TABLE `usuario` DISABLE KEYS */;
INSERT INTO `usuario` VALUES (1,'Juan','Perez','juan@example.com',1234567877,'CC123','Miraflores','SIS','Activo','Administrador','contraseña1',NULL,'2024-04-29','','',0),(2,'Leonardo Iturriaga','Lopez ','maria@example.com',4321987,'CC2344','Lince','Privado','Inactivo','Doctor','contraseña2',NULL,'2024-04-29','','',0),(3,'Carlos Ayala','Garcia Torres','carlos@example.haaa',3456789,'CC345','Surquillo','SIS','Inactivo','Farmacista','contraseña3',NULL,'2024-04-20','Aceptado','',0),(4,'Ana','Martinez Gomez','ana@example.hag',45678955,'CC45678','San Borja','Privado','Activo','Farmacista','contraseña4',NULL,'2024-04-21','Aceptado','',0),(5,'Pedro','Rodriguez','pedro@example.comag',67899,'CC56799','Lince','SIS','Activo','Doctor','contraseña5',NULL,'2024-04-29','','',0),(6,'Laura','Gomez','laura@example.com',67890123,'CC678','Barrancones','Privado','Inactivo','Farmacista','contraseña6',NULL,'2024-04-22','Aceptado','',0),(7,'Diego','Hernandez','diego@example.com',78901234,'CC789','Jesus Maria','SIS','Activo','Farmacista','contraseña7',NULL,'2024-04-23','Rechazado',NULL,0),(8,'Sofia','Diaz','sofia@example.com',89012345,'CC890','La Molina','Privado','Activo','Administrador','contraseña8',NULL,'2024-04-29',NULL,NULL,0),(9,'Julia','Sanchez','julia@example.com',90123456,'CC901','Magdalena','ESALUD','Inactivo','Paciente','contraseña9',NULL,'2024-04-29','','',0),(10,'Alejandro','Ramos','alejandro@example.com',123457,'CC012','Chorrillos','Privado','Activo','Doctor','contraseña10',NULL,'2024-04-29','','',0),(11,'Elena','Fernandez Aliaga','elena@example.com',23456789,'CC234','San Isidro','Privado','Inactivo','Paciente','contraseña11',NULL,'2024-04-29','','',0),(12,'Gabriel','Lopez','gabriel@example.com',34567890,'CC3456','Oxamarca','SIS','Activo','Farmacista','contraseña12',NULL,'2024-04-29','Rechazado','',0),(13,'Valeria','Martinez','valeria_gordito@example.com',123456,'CC45645','Chorrillos','SIS','Inactivo','Doctor','contraseña13',NULL,'2024-04-29','','',0),(14,'Hector','Gomez','hector@example.com',5678,'CC567','Atte','SIS','Activo','Administrador','contraseña14',NULL,'2024-04-29','','',0),(15,'Camila','Rodriguez','camila_pila@example.com',3,'CC6','Chorrillos','SIS','Inactivo','Doctor','contraseña15',NULL,'2024-04-29','','',0),(16,'Martin','Hernandez','martin@example.com',78901234,'CC789','Jesus Maria','SIS','Inactivo','Paciente','contraseña16',NULL,'2024-04-29',NULL,NULL,0),(17,'Carla','Diaz','carla@example.com',89012345,'CC890','La Molina XD','Privado','Inactivo','Farmacista','contraseña17',NULL,'2024-04-29','Aceptado','',0),(18,'Diego','Sanchez','diego@example.com',90123456,'CC901','Magdalena','SIS','Inactivo','Paciente','contraseña18',NULL,'2024-04-29',NULL,NULL,0),(19,'Lucia','Ramos','lucia@example.com',12345670,'CC012','Chorrillos','Privado','Activo','Doctor','contraseña19',NULL,'2024-04-29',NULL,NULL,0),(21,'Natalia','Garcia','natalia@example.com',34567892,'CC234','San Isidro','Privado','Activo','Doctor','contraseña21',NULL,'2024-04-29','','',1),(22,'Alejandra','Lopez','alejandra@example.com',45678903,'CC345','Surco','SIS','Inactivo','Paciente','contraseña22',NULL,'2024-04-29',NULL,NULL,1),(26,'Isabella','Hernandez','isabella@example.com',89012347,'CC789','Jesus Maria','SIS','Activo','Paciente','contraseña26',NULL,'2024-04-29',NULL,NULL,1),(28,'Mayra Liliana','Aliaga Machuca','constanza@example.com',71584175,'CC901','Celendin Oxamarca','SIS','Activo','Administrador','contraseña28',NULL,'2024-04-29','','',0);
/*!40000 ALTER TABLE `usuario` ENABLE KEYS */;
UNLOCK TABLES;
-- -----------------------------------------------------
-- Table `gticsbd`.`medicamentos`
-- -----------------------------------------------------
CREATE TABLE IF NOT EXISTS `gticsbd`.`medicamentos` (
  `id_medicamentos` INT NOT NULL AUTO_INCREMENT,
  `descripcion` VARCHAR(400) NULL DEFAULT NULL,
  `nombre` VARCHAR(45) NULL DEFAULT NULL,
  `foto` BLOB NULL DEFAULT NULL,
  `inventario` INT NULL DEFAULT NULL,
  `precio_unidad` DOUBLE NULL DEFAULT NULL,
  `fecha_ingreso` DATE NULL DEFAULT NULL,
  `categoria` VARCHAR(45) NULL DEFAULT NULL,
  `dosis` VARCHAR(45) NULL DEFAULT NULL,
  `borrado_logico` INT NULL DEFAULT NULL,
  PRIMARY KEY (`id_medicamentos`))
ENGINE = InnoDB
AUTO_INCREMENT = 10
DEFAULT CHARACTER SET = utf8mb3;

LOCK TABLES `medicamentos` WRITE;
/*!40000 ALTER TABLE `medicamentos` DISABLE KEYS */;
INSERT INTO `medicamentos` VALUES (1,'Antipirético ampliamente utilizado para aliviar el dolor leve a moderado y reducir la fiebre','Paracetamol Pendejo',NULL,0,13.99,NULL,NULL,'2',0),(2,'Analgésico y antiinflamatorio no esteroideo (AINE) comúnmente utilizado para aliviar el dolor, la inflamación y la fiebre.','Ibuprofeno',NULL,150,7.99,'2024-04-10','Antidiarreico','2',0),(3,'Antibiótico para infecciones bacterianas','Amoxicilina',NULL,100,8.99,'2024-04-09','Antiseptico','2',0),(4,'Antihistamínico para alergias y rinitis.','Loratadina',NULL,120,9.99,'2024-04-08','Antiseptico','2',0),(5,'Benzodiazepina para trastornos de ansiedad y epilepsia','Clonazepam Jaaaa',NULL,0,14.99,NULL,NULL,'2',0),(6,'Inhibidor de la bomba de protones para el reflujo y úlceras','Omeprazol',NULL,90,6.99,'2024-04-06','Antiseptico','2',0),(7,'Antiviral para la influenza y gripe','Oseltamivir',NULL,50,12.99,'2024-04-05','Antiseptico','2',0),(8,'Anticoagulante para prevenir coágulos sanguíneos.','Warfarina',NULL,0,5.99,NULL,NULL,'2',0),(9,'Antidepresivo para trastornos de ansiedad y depresión gaaaa','Sertralina',NULL,0,9.99,NULL,NULL,'2',0);
/*!40000 ALTER TABLE `medicamentos` ENABLE KEYS */;
UNLOCK TABLES;

-- -----------------------------------------------------
-- Table `gticsbd`.`detalle_compra`
-- -----------------------------------------------------
CREATE TABLE IF NOT EXISTS `gticsbd`.`detalle_compra` (
  `detalle_compra_id` INT NOT NULL,
  `medicamentos_id_medicamentos` INT NOT NULL,
  `cantidad` INT NULL DEFAULT NULL,
  `usuario_id_usuario` INT NOT NULL,
  PRIMARY KEY (`detalle_compra_id`, `medicamentos_id_medicamentos`, `usuario_id_usuario`),
  INDEX `fk_usuario_has_medicamentos_medicamentos1_idx` (`medicamentos_id_medicamentos` ASC) VISIBLE,
  INDEX `fk_dettale_compra_usuario1_idx` (`usuario_id_usuario` ASC) VISIBLE,
  CONSTRAINT `fk_dettale_compra_usuario1`
    FOREIGN KEY (`usuario_id_usuario`)
    REFERENCES `gticsbd`.`usuario` (`id_usuario`),
  CONSTRAINT `fk_usuario_has_medicamentos_medicamentos1`
    FOREIGN KEY (`medicamentos_id_medicamentos`)
    REFERENCES `gticsbd`.`medicamentos` (`id_medicamentos`))
ENGINE = InnoDB
DEFAULT CHARACTER SET = utf8mb3;


-- -----------------------------------------------------
-- Table `gticsbd`.`pedidos_paciente`
-- -----------------------------------------------------
CREATE TABLE IF NOT EXISTS `gticsbd`.`pedidos_paciente` (
  `idpedidos_paciente` INT NOT NULL,
  `medico_que_atiende` VARCHAR(45) NULL DEFAULT NULL,
  `seguro` VARCHAR(45) NULL DEFAULT NULL,
  `direccion` VARCHAR(45) NULL DEFAULT NULL,
  `distrito` VARCHAR(45) NULL DEFAULT NULL,
  `telefono` INT NULL DEFAULT NULL,
  `dni` VARCHAR(20) NULL DEFAULT NULL,
  `hora_de_entrega` TIME NULL DEFAULT NULL,
  `receta` BLOB NULL DEFAULT NULL,
  `costo_total` DOUBLE NULL DEFAULT NULL,
  `tipo_de_pedido` VARCHAR(45) NULL DEFAULT NULL,
  `fecha_solicitud` DATETIME NULL DEFAULT NULL,
  `fecha_entrega` DATETIME NULL DEFAULT NULL,
  `validacion_del_pedido` VARCHAR(45) NULL DEFAULT NULL,
  `comentario` VARCHAR(45) NULL DEFAULT NULL,
  `fecha_validacion` DATE NULL DEFAULT NULL,
  `estado_del_pedido` VARCHAR(45) NULL DEFAULT NULL,
  `numero_tracking` VARCHAR(45) NULL DEFAULT NULL,
  `carrito_usuario_id_usuario` INT NOT NULL,
  `nombre_paciente` VARCHAR(45) NULL DEFAULT NULL,
  `apellido_paciente` VARCHAR(45) NULL DEFAULT NULL,
  `metodo_de_pago` VARCHAR(45) NULL DEFAULT NULL,
  `dettale_compra_detalle_compra_id` INT NOT NULL,
  `dettale_compra_medicamentos_id_medicamentos` INT NOT NULL,
  `dettale_compra_usuario_id_usuario` INT NOT NULL,
  PRIMARY KEY (`idpedidos_paciente`, `carrito_usuario_id_usuario`, `dettale_compra_detalle_compra_id`, `dettale_compra_medicamentos_id_medicamentos`, `dettale_compra_usuario_id_usuario`),
  INDEX `fk_pedidos_paciente_dettale_compra1_idx` (`dettale_compra_detalle_compra_id` ASC, `dettale_compra_medicamentos_id_medicamentos` ASC, `dettale_compra_usuario_id_usuario` ASC) VISIBLE,
  CONSTRAINT `fk_pedidos_paciente_dettale_compra1`
    FOREIGN KEY (`dettale_compra_detalle_compra_id` , `dettale_compra_medicamentos_id_medicamentos` , `dettale_compra_usuario_id_usuario`)
    REFERENCES `gticsbd`.`detalle_compra` (`detalle_compra_id` , `medicamentos_id_medicamentos` , `usuario_id_usuario`))
ENGINE = InnoDB
DEFAULT CHARACTER SET = utf8mb4
COLLATE = utf8mb4_0900_ai_ci;


-- -----------------------------------------------------
-- Table `gticsbd`.`proveedor`
-- -----------------------------------------------------
CREATE TABLE IF NOT EXISTS `gticsbd`.`proveedor` (
  `id_proveedor` INT NOT NULL,
  `nombre` VARCHAR(45) NULL DEFAULT NULL,
  `descripcion` VARCHAR(250) NULL DEFAULT NULL,
  PRIMARY KEY (`id_proveedor`))
ENGINE = InnoDB
DEFAULT CHARACTER SET = utf8mb3;

LOCK TABLES `proveedor` WRITE;
/*!40000 ALTER TABLE `proveedor` DISABLE KEYS */;
INSERT INTO `proveedor` VALUES (1,'P1','P1'),(2,'P2','P1'),(3,'P3','P1'),(4,'P4','P1'),(5,'P5','P1'),(6,'P6','P1'),(7,'P7','P1'),(8,'P8','P1'),(9,'P9','P1'),(10,'P10','P1'),(11,'P11','P1'),(12,'P12','P1');
/*!40000 ALTER TABLE `proveedor` ENABLE KEYS */;
UNLOCK TABLES;
-- -----------------------------------------------------
-- Table `gticsbd`.`pedidos_reposicion`
-- -----------------------------------------------------
CREATE TABLE IF NOT EXISTS `gticsbd`.`pedidos_reposicion` (
  `id_pedidos_reposicion` INT NOT NULL,
  `usuario_id_usuario` INT NOT NULL,
  `fecha_solicitud` DATE NULL DEFAULT NULL,
  `costo_total` DOUBLE NULL DEFAULT NULL,
  `fecha_entrega` DATE NULL DEFAULT NULL,
  `estado_de_reposicion` VARCHAR(45) NULL DEFAULT NULL,
  `proveedor_id_proveedor` INT NOT NULL,
  PRIMARY KEY (`id_pedidos_reposicion`, `usuario_id_usuario`, `proveedor_id_proveedor`),
  INDEX `fk_ventas_usuario1_idx` (`usuario_id_usuario` ASC) VISIBLE,
  INDEX `fk_pedidos_reposicion_proveedor1_idx` (`proveedor_id_proveedor` ASC) VISIBLE,
  CONSTRAINT `fk_pedidos_reposicion_proveedor1`
    FOREIGN KEY (`proveedor_id_proveedor`)
    REFERENCES `gticsbd`.`proveedor` (`id_proveedor`),
  CONSTRAINT `fk_ventas_usuario1`
    FOREIGN KEY (`usuario_id_usuario`)
    REFERENCES `gticsbd`.`usuario` (`id_usuario`))
ENGINE = InnoDB
DEFAULT CHARACTER SET = utf8mb3;

LOCK TABLES `pedidos_reposicion` WRITE;
/*!40000 ALTER TABLE `pedidos_reposicion` DISABLE KEYS */;
INSERT INTO `pedidos_reposicion` VALUES (1,1,'2024-04-08',490.99,'2024-05-01','Solicitado',1),(2,1,'2024-04-09',491.99,'2024-05-02','En Proceso',2),(3,1,'2024-04-10',492.99,'2024-05-03','Empaquetado',3),(4,8,'2024-04-11',493.99,'2024-05-04','En ruta',4),(5,8,'2024-04-12',494.99,'2024-05-05','Entregado',5),(6,8,'2024-04-13',495.99,'2024-05-06','Empaquetado',6),(7,14,'2024-04-14',496.99,'2024-05-07','En Proceso',7),(8,14,'2024-04-15',497.99,'2024-05-08','En ruta',8),(9,14,'2024-04-16',498.99,'2024-05-09','En ruta',9),(10,14,'2024-04-17',499.99,'2024-05-10','En Proceso',10),(11,14,'2024-04-18',500.99,'2024-05-11','Solicitado',11),(12,14,'2024-04-19',501.99,'2024-05-12','Solicitado',12);
/*!40000 ALTER TABLE `pedidos_reposicion` ENABLE KEYS */;
UNLOCK TABLES;
-- -----------------------------------------------------
-- Table `gticsbd`.`pedidos_reposicion_has_medicamentos`
-- -----------------------------------------------------
CREATE TABLE IF NOT EXISTS `gticsbd`.`pedidos_reposicion_has_medicamentos` (
  `pedidos_reposicion_id_pedidos_reposicion` INT NOT NULL,
  `pedidos_reposicion_usuario_id_usuario` INT NOT NULL,
  `pedidos_reposicion_envios_id_envios` INT NOT NULL,
  `medicamentos_id_medicamentos` INT NOT NULL,
  `cantidad` INT NULL DEFAULT NULL,
  PRIMARY KEY (`pedidos_reposicion_id_pedidos_reposicion`, `pedidos_reposicion_usuario_id_usuario`, `pedidos_reposicion_envios_id_envios`, `medicamentos_id_medicamentos`),
  INDEX `fk_pedidos_reposicion_has_medicamentos_medicamentos1_idx` (`medicamentos_id_medicamentos` ASC) VISIBLE,
  INDEX `fk_pedidos_reposicion_has_medicamentos_pedidos_reposicion1_idx` (`pedidos_reposicion_id_pedidos_reposicion` ASC, `pedidos_reposicion_usuario_id_usuario` ASC, `pedidos_reposicion_envios_id_envios` ASC) VISIBLE,
  CONSTRAINT `fk_pedidos_reposicion_has_medicamentos_medicamentos1`
    FOREIGN KEY (`medicamentos_id_medicamentos`)
    REFERENCES `gticsbd`.`medicamentos` (`id_medicamentos`),
  CONSTRAINT `fk_pedidos_reposicion_has_medicamentos_pedidos_reposicion1`
    FOREIGN KEY (`pedidos_reposicion_id_pedidos_reposicion` , `pedidos_reposicion_usuario_id_usuario`)
    REFERENCES `gticsbd`.`pedidos_reposicion` (`id_pedidos_reposicion` , `usuario_id_usuario`))
ENGINE = InnoDB
DEFAULT CHARACTER SET = utf8mb3;


-- -----------------------------------------------------
-- Table `gticsbd`.`rol`
-- -----------------------------------------------------
CREATE TABLE IF NOT EXISTS `gticsbd`.`rol` (
  `id_rol` INT NOT NULL AUTO_INCREMENT,
  `usuario_id_usuario` INT NOT NULL,
  PRIMARY KEY (`id_rol`),
  INDEX `fk_rol_usuario1_idx` (`usuario_id_usuario` ASC) VISIBLE,
  CONSTRAINT `fk_rol_usuario1`
    FOREIGN KEY (`usuario_id_usuario`)
    REFERENCES `gticsbd`.`usuario` (`id_usuario`))
ENGINE = InnoDB
DEFAULT CHARACTER SET = utf8mb4
COLLATE = utf8mb4_0900_ai_ci;


-- -----------------------------------------------------
-- Table `gticsbd`.`sede`
-- -----------------------------------------------------
CREATE TABLE IF NOT EXISTS `gticsbd`.`sede` (
  `id_sede` INT NOT NULL,
  `nombre` VARCHAR(45) NULL DEFAULT NULL,
  `estado` VARCHAR(45) NULL DEFAULT NULL,
  PRIMARY KEY (`id_sede`))
ENGINE = InnoDB
DEFAULT CHARACTER SET = utf8mb3;



LOCK TABLES `sede` WRITE;
/*!40000 ALTER TABLE `sede` DISABLE KEYS */;
INSERT INTO `sede` VALUES (1,'Sede 1',NULL),(2,'Sede 2',NULL),(3,'Sede 3',NULL),(4,'Sede 4',NULL),(5,'Sede 5',NULL),(6,'Sede 6',NULL),(7,'Sede 7',NULL),(8,'Sede 8',NULL),(9,'Sede 9',NULL),(10,'Sede 10',NULL);
/*!40000 ALTER TABLE `sede` ENABLE KEYS */;
UNLOCK TABLES;
-- -----------------------------------------------------
-- Table `gticsbd`.`sede_has_medicamentos`
-- -----------------------------------------------------
CREATE TABLE IF NOT EXISTS `gticsbd`.`sede_has_medicamentos` (
  `sede_id_sede` INT NOT NULL,
  `medicamentos_id_medicamentos` INT NOT NULL,
  PRIMARY KEY (`sede_id_sede`, `medicamentos_id_medicamentos`),
  INDEX `fk_sede_has_medicamentos_medicamentos1_idx` (`medicamentos_id_medicamentos` ASC) VISIBLE,
  INDEX `fk_sede_has_medicamentos_sede1_idx` (`sede_id_sede` ASC) VISIBLE,
  CONSTRAINT `fk_sede_has_medicamentos_medicamentos1`
    FOREIGN KEY (`medicamentos_id_medicamentos`)
    REFERENCES `gticsbd`.`medicamentos` (`id_medicamentos`),
  CONSTRAINT `fk_sede_has_medicamentos_sede1`
    FOREIGN KEY (`sede_id_sede`)
    REFERENCES `gticsbd`.`sede` (`id_sede`))
ENGINE = InnoDB
DEFAULT CHARACTER SET = utf8mb3;


-- --LOCK TABLES `sede_has_medicamentos` WRITE;
/*!40000 ALTER TABLE `sede_has_medicamentos` DISABLE KEYS */;
INSERT INTO `sede_has_medicamentos` VALUES (1,1),(2,1),(3,1),(4,1),(5,1),(7,1),(1,2),(2,2),(4,2),(1,3),(2,3),(3,3),(1,4),(2,4),(6,5),(7,5),(9,7),(8,8),(1,9),(5,9);
/*!40000 ALTER TABLE `sede_has_medicamentos` ENABLE KEYS */;
UNLOCK TABLES;
---------------------------------------------------
-- Table `gticsbd`.`tarjeta`
-- -----------------------------------------------------
CREATE TABLE IF NOT EXISTS `gticsbd`.`tarjeta` (
  `id_tarjeta` INT NOT NULL,
  `numero` INT NULL DEFAULT NULL,
  `fecha_caduca` DATE NULL DEFAULT NULL,
  `cci` INT NULL DEFAULT NULL,
  PRIMARY KEY (`id_tarjeta`))
ENGINE = InnoDB
DEFAULT CHARACTER SET = utf8mb3;


-- -----------------------------------------------------
-- Table `gticsbd`.`usuario_has_sede`
-- -----------------------------------------------------
CREATE TABLE IF NOT EXISTS `gticsbd`.`usuario_has_sede` (
  `usuario_id_usuario` INT NOT NULL,
  `sede_id_sede` INT NOT NULL,
  PRIMARY KEY (`usuario_id_usuario`, `sede_id_sede`),
  INDEX `fk_usuario_has_sede_sede1_idx` (`sede_id_sede` ASC) VISIBLE,
  INDEX `fk_usuario_has_sede_usuario1_idx` (`usuario_id_usuario` ASC) VISIBLE,
  CONSTRAINT `fk_usuario_has_sede_sede1`
    FOREIGN KEY (`sede_id_sede`)
    REFERENCES `gticsbd`.`sede` (`id_sede`),
  CONSTRAINT `fk_usuario_has_sede_usuario1`
    FOREIGN KEY (`usuario_id_usuario`)
    REFERENCES `gticsbd`.`usuario` (`id_usuario`))
ENGINE = InnoDB
DEFAULT CHARACTER SET = utf8mb3;


LOCK TABLES `usuario_has_sede` WRITE;
/*!40000 ALTER TABLE `usuario_has_sede` DISABLE KEYS */;
INSERT INTO `usuario_has_sede` VALUES (1,1),(2,1),(3,1),(4,1),(6,1),(15,1),(2,2),(5,2),(7,2),(8,2),(19,2),(2,3),(10,3),(12,3),(14,3),(21,3),(2,4),(13,4),(17,4),(28,4),(2,5),(2,6),(2,7),(2,8);
/*!40000 ALTER TABLE `usuario_has_sede` ENABLE KEYS */;
UNLOCK TABLES;
SET SQL_MODE=@OLD_SQL_MODE;
SET FOREIGN_KEY_CHECKS=@OLD_FOREIGN_KEY_CHECKS;
SET UNIQUE_CHECKS=@OLD_UNIQUE_CHECKS;
